LgID,TeamID,Year
NL,ARI,2019
NL,ATL,2019
AL,BAL,2019
AL,BOS,2019
AL,CHA,2019
NL,CHN,2019
NL,CIN,2019
AL,CLE,2019
NL,COL,2019
AL,DET,2019
NL,HOU,2019
AL,KCA,2019
AL,LAA,2019
NL,LAN,2019
NL,MIA,2019
NL,MIL,2019
AL,MIN,2019
AL,NYA,2019
NL,NYN,2019
AL,OAK,2019
NL,PHI,2019
NL,PIT,2019
NL,SDN,2019
AL,SEA,2019
NL,SFN,2019
NL,SLN,2019
AL,TBA,2019
AL,TEX,2019
AL,TOR,2019
NL,WAS,2019
NL,ARI,2018
NL,ATL,2018
AL,BAL,2018
AL,BOS,2018
AL,CHA,2018
NL,CHN,2018
NL,CIN,2018
AL,CLE,2018
NL,COL,2018
AL,DET,2018
NL,HOU,2018
AL,KCA,2018
AL,LAA,2018
NL,LAN,2018
NL,MIA,2018
NL,MIL,2018
AL,MIN,2018
AL,NYA,2018
NL,NYN,2018
AL,OAK,2018
NL,PHI,2018
NL,PIT,2018
NL,SDN,2018
AL,SEA,2018
NL,SFN,2018
NL,SLN,2018
AL,TBA,2018
AL,TEX,2018
AL,TOR,2018
NL,WAS,2018
NL,ARI,2017
NL,ATL,2017
AL,BAL,2017
AL,BOS,2017
AL,CHA,2017
NL,CHN,2017
NL,CIN,2017
AL,CLE,2017
NL,COL,2017
AL,DET,2017
NL,HOU,2017
AL,KCA,2017
AL,LAA,2017
NL,LAN,2017
NL,MIA,2017
NL,MIL,2017
AL,MIN,2017
AL,NYA,2017
NL,NYN,2017
AL,OAK,2017
NL,PHI,2017
NL,PIT,2017
NL,SDN,2017
AL,SEA,2017
NL,SFN,2017
NL,SLN,2017
AL,TBA,2017
AL,TEX,2017
AL,TOR,2017
NL,WAS,2017
NL,ARI,2016
NL,ATL,2016
AL,BAL,2016
AL,BOS,2016
AL,CHA,2016
NL,CHN,2016
NL,CIN,2016
AL,CLE,2016
NL,COL,2016
AL,DET,2016
NL,HOU,2016
AL,KCA,2016
AL,LAA,2016
NL,LAN,2016
NL,MIA,2016
NL,MIL,2016
AL,MIN,2016
AL,NYA,2016
NL,NYN,2016
AL,OAK,2016
NL,PHI,2016
NL,PIT,2016
NL,SDN,2016
AL,SEA,2016
NL,SFN,2016
NL,SLN,2016
AL,TBA,2016
AL,TEX,2016
AL,TOR,2016
NL,WAS,2016
NL,ARI,2015
NL,ATL,2015
AL,BAL,2015
AL,BOS,2015
AL,CHA,2015
NL,CHN,2015
NL,CIN,2015
AL,CLE,2015
NL,COL,2015
AL,DET,2015
NL,HOU,2015
AL,KCA,2015
AL,LAA,2015
NL,LAN,2015
NL,MIA,2015
NL,MIL,2015
AL,MIN,2015
AL,NYA,2015
NL,NYN,2015
AL,OAK,2015
NL,PHI,2015
NL,PIT,2015
NL,SDN,2015
AL,SEA,2015
NL,SFN,2015
NL,SLN,2015
AL,TBA,2015
AL,TEX,2015
AL,TOR,2015
NL,WAS,2015
NL,ARI,2014
NL,ATL,2014
AL,BAL,2014
AL,BOS,2014
AL,CHA,2014
NL,CHN,2014
NL,CIN,2014
AL,CLE,2014
NL,COL,2014
AL,DET,2014
NL,HOU,2014
AL,KCA,2014
AL,LAA,2014
NL,LAN,2014
NL,MIA,2014
NL,MIL,2014
AL,MIN,2014
AL,NYA,2014
NL,NYN,2014
AL,OAK,2014
NL,PHI,2014
NL,PIT,2014
NL,SDN,2014
AL,SEA,2014
NL,SFN,2014
NL,SLN,2014
AL,TBA,2014
AL,TEX,2014
AL,TOR,2014
NL,WAS,2014
NL,ARI,2013
NL,ATL,2013
AL,BAL,2013
AL,BOS,2013
AL,CHA,2013
NL,CHN,2013
NL,CIN,2013
AL,CLE,2013
NL,COL,2013
AL,DET,2013
NL,HOU,2013
AL,KCA,2013
AL,LAA,2013
NL,LAN,2013
NL,MIA,2013
NL,MIL,2013
AL,MIN,2013
AL,NYA,2013
NL,NYN,2013
AL,OAK,2013
NL,PHI,2013
NL,PIT,2013
NL,SDN,2013
AL,SEA,2013
NL,SFN,2013
NL,SLN,2013
AL,TBA,2013
AL,TEX,2013
AL,TOR,2013
NL,WAS,2013
NL,ARI,2012
NL,ATL,2012
AL,BAL,2012
AL,BOS,2012
AL,CHA,2012
NL,CHN,2012
NL,CIN,2012
AL,CLE,2012
NL,COL,2012
AL,DET,2012
NL,HOU,2012
AL,KCA,2012
AL,LAA,2012
NL,LAN,2012
NL,MIA,2012
NL,MIL,2012
AL,MIN,2012
AL,NYA,2012
NL,NYN,2012
AL,OAK,2012
NL,PHI,2012
NL,PIT,2012
NL,SDN,2012
AL,SEA,2012
NL,SFN,2012
NL,SLN,2012
AL,TBA,2012
AL,TEX,2012
AL,TOR,2012
NL,WAS,2012
NL,ARI,2011
NL,ATL,2011
AL,BAL,2011
AL,BOS,2011
AL,CHA,2011
NL,CHN,2011
NL,CIN,2011
AL,CLE,2011
NL,COL,2011
AL,DET,2011
NL,FLO,2011
NL,HOU,2011
AL,KCA,2011
AL,LAA,2011
NL,LAN,2011
NL,MIL,2011
AL,MIN,2011
AL,NYA,2011
NL,NYN,2011
AL,OAK,2011
NL,PHI,2011
NL,PIT,2011
NL,SDN,2011
AL,SEA,2011
NL,SFN,2011
NL,SLN,2011
AL,TBA,2011
AL,TEX,2011
AL,TOR,2011
NL,WAS,2011
NL,ARI,2010
NL,ATL,2010
AL,BAL,2010
AL,BOS,2010
AL,CHA,2010
NL,CHN,2010
NL,CIN,2010
AL,CLE,2010
NL,COL,2010
AL,DET,2010
NL,FLO,2010
NL,HOU,2010
AL,KCA,2010
AL,LAA,2010
NL,LAN,2010
NL,MIL,2010
AL,MIN,2010
AL,NYA,2010
NL,NYN,2010
AL,OAK,2010
NL,PHI,2010
NL,PIT,2010
NL,SDN,2010
AL,SEA,2010
NL,SFN,2010
NL,SLN,2010
AL,TBA,2010
AL,TEX,2010
AL,TOR,2010
NL,WAS,2010
NL,ARI,2009
NL,ATL,2009
AL,BAL,2009
AL,BOS,2009
AL,CHA,2009
NL,CHN,2009
NL,CIN,2009
AL,CLE,2009
NL,COL,2009
AL,DET,2009
NL,FLO,2009
NL,HOU,2009
AL,KCA,2009
AL,LAA,2009
NL,LAN,2009
NL,MIL,2009
AL,MIN,2009
AL,NYA,2009
NL,NYN,2009
AL,OAK,2009
NL,PHI,2009
NL,PIT,2009
NL,SDN,2009
AL,SEA,2009
NL,SFN,2009
NL,SLN,2009
AL,TBA,2009
AL,TEX,2009
AL,TOR,2009
NL,WAS,2009
NL,ARI,2008
NL,ATL,2008
AL,BAL,2008
AL,BOS,2008
AL,CHA,2008
NL,CHN,2008
NL,CIN,2008
AL,CLE,2008
NL,COL,2008
AL,DET,2008
NL,FLO,2008
NL,HOU,2008
AL,KCA,2008
AL,LAA,2008
NL,LAN,2008
NL,MIL,2008
AL,MIN,2008
AL,NYA,2008
NL,NYN,2008
AL,OAK,2008
NL,PHI,2008
NL,PIT,2008
NL,SDN,2008
AL,SEA,2008
NL,SFN,2008
NL,SLN,2008
AL,TBA,2008
AL,TEX,2008
AL,TOR,2008
NL,WAS,2008
NL,ARI,2007
NL,ATL,2007
AL,BAL,2007
AL,BOS,2007
AL,CHA,2007
NL,CHN,2007
NL,CIN,2007
AL,CLE,2007
NL,COL,2007
AL,DET,2007
NL,FLO,2007
NL,HOU,2007
AL,KCA,2007
AL,LAA,2007
NL,LAN,2007
NL,MIL,2007
AL,MIN,2007
AL,NYA,2007
NL,NYN,2007
AL,OAK,2007
NL,PHI,2007
NL,PIT,2007
NL,SDN,2007
AL,SEA,2007
NL,SFN,2007
NL,SLN,2007
AL,TBA,2007
AL,TEX,2007
AL,TOR,2007
NL,WAS,2007
NL,ARI,2006
NL,ATL,2006
AL,BAL,2006
AL,BOS,2006
AL,CHA,2006
NL,CHN,2006
NL,CIN,2006
AL,CLE,2006
NL,COL,2006
AL,DET,2006
NL,FLO,2006
NL,HOU,2006
AL,KCA,2006
AL,LAA,2006
NL,LAN,2006
NL,MIL,2006
AL,MIN,2006
AL,NYA,2006
NL,NYN,2006
AL,OAK,2006
NL,PHI,2006
NL,PIT,2006
NL,SDN,2006
AL,SEA,2006
NL,SFN,2006
NL,SLN,2006
AL,TBA,2006
AL,TEX,2006
AL,TOR,2006
NL,WAS,2006
NL,ARI,2005
NL,ATL,2005
AL,BAL,2005
AL,BOS,2005
AL,CHA,2005
NL,CHN,2005
NL,CIN,2005
AL,CLE,2005
NL,COL,2005
AL,DET,2005
NL,FLO,2005
NL,HOU,2005
AL,KCA,2005
AL,LAA,2005
NL,LAN,2005
NL,MIL,2005
AL,MIN,2005
AL,NYA,2005
NL,NYN,2005
AL,OAK,2005
NL,PHI,2005
NL,PIT,2005
NL,SDN,2005
AL,SEA,2005
NL,SFN,2005
NL,SLN,2005
AL,TBA,2005
AL,TEX,2005
AL,TOR,2005
NL,WAS,2005
AL,ANA,2004
NL,ARI,2004
NL,ATL,2004
AL,BAL,2004
AL,BOS,2004
AL,CHA,2004
NL,CHN,2004
NL,CIN,2004
AL,CLE,2004
NL,COL,2004
AL,DET,2004
NL,FLO,2004
NL,HOU,2004
AL,KCA,2004
NL,LAN,2004
NL,MIL,2004
AL,MIN,2004
NL,MON,2004
AL,NYA,2004
NL,NYN,2004
AL,OAK,2004
NL,PHI,2004
NL,PIT,2004
NL,SDN,2004
AL,SEA,2004
NL,SFN,2004
NL,SLN,2004
AL,TBA,2004
AL,TEX,2004
AL,TOR,2004
AL,ANA,2003
NL,ARI,2003
NL,ATL,2003
AL,BAL,2003
AL,BOS,2003
AL,CHA,2003
NL,CHN,2003
NL,CIN,2003
AL,CLE,2003
NL,COL,2003
AL,DET,2003
NL,FLO,2003
NL,HOU,2003
AL,KCA,2003
NL,LAN,2003
NL,MIL,2003
AL,MIN,2003
NL,MON,2003
AL,NYA,2003
NL,NYN,2003
AL,OAK,2003
NL,PHI,2003
NL,PIT,2003
NL,SDN,2003
AL,SEA,2003
NL,SFN,2003
NL,SLN,2003
AL,TBA,2003
AL,TEX,2003
AL,TOR,2003
AL,ANA,2002
NL,ARI,2002
NL,ATL,2002
AL,BAL,2002
AL,BOS,2002
AL,CHA,2002
NL,CHN,2002
NL,CIN,2002
AL,CLE,2002
NL,COL,2002
AL,DET,2002
NL,FLO,2002
NL,HOU,2002
AL,KCA,2002
NL,LAN,2002
NL,MIL,2002
AL,MIN,2002
NL,MON,2002
AL,NYA,2002
NL,NYN,2002
AL,OAK,2002
NL,PHI,2002
NL,PIT,2002
NL,SDN,2002
AL,SEA,2002
NL,SFN,2002
NL,SLN,2002
AL,TBA,2002
AL,TEX,2002
AL,TOR,2002
AL,ANA,2001
NL,ARI,2001
NL,ATL,2001
AL,BAL,2001
AL,BOS,2001
AL,CHA,2001
NL,CHN,2001
NL,CIN,2001
AL,CLE,2001
NL,COL,2001
AL,DET,2001
NL,FLO,2001
NL,HOU,2001
AL,KCA,2001
NL,LAN,2001
NL,MIL,2001
AL,MIN,2001
NL,MON,2001
AL,NYA,2001
NL,NYN,2001
AL,OAK,2001
NL,PHI,2001
NL,PIT,2001
NL,SDN,2001
AL,SEA,2001
NL,SFN,2001
NL,SLN,2001
AL,TBA,2001
AL,TEX,2001
AL,TOR,2001
AL,ANA,2000
NL,ARI,2000
NL,ATL,2000
AL,BAL,2000
AL,BOS,2000
AL,CHA,2000
NL,CHN,2000
NL,CIN,2000
AL,CLE,2000
NL,COL,2000
AL,DET,2000
NL,FLO,2000
NL,HOU,2000
AL,KCA,2000
NL,LAN,2000
NL,MIL,2000
AL,MIN,2000
NL,MON,2000
AL,NYA,2000
NL,NYN,2000
AL,OAK,2000
NL,PHI,2000
NL,PIT,2000
NL,SDN,2000
AL,SEA,2000
NL,SFN,2000
NL,SLN,2000
AL,TBA,2000
AL,TEX,2000
AL,TOR,2000
AL,ANA,1999
NL,ARI,1999
NL,ATL,1999
AL,BAL,1999
AL,BOS,1999
AL,CHA,1999
NL,CHN,1999
NL,CIN,1999
AL,CLE,1999
NL,COL,1999
AL,DET,1999
NL,FLO,1999
NL,HOU,1999
AL,KCA,1999
NL,LAN,1999
NL,MIL,1999
AL,MIN,1999
NL,MON,1999
AL,NYA,1999
NL,NYN,1999
AL,OAK,1999
NL,PHI,1999
NL,PIT,1999
NL,SDN,1999
AL,SEA,1999
NL,SFN,1999
NL,SLN,1999
AL,TBA,1999
AL,TEX,1999
AL,TOR,1999
AL,ANA,1998
NL,ARI,1998
NL,ATL,1998
AL,BAL,1998
AL,BOS,1998
AL,CHA,1998
NL,CHN,1998
NL,CIN,1998
AL,CLE,1998
NL,COL,1998
AL,DET,1998
NL,FLO,1998
NL,HOU,1998
AL,KCA,1998
NL,LAN,1998
NL,MIL,1998
AL,MIN,1998
NL,MON,1998
AL,NYA,1998
NL,NYN,1998
AL,OAK,1998
NL,PHI,1998
NL,PIT,1998
NL,SDN,1998
AL,SEA,1998
NL,SFN,1998
NL,SLN,1998
AL,TBA,1998
AL,TEX,1998
AL,TOR,1998
AL,ANA,1997
NL,ATL,1997
AL,BAL,1997
AL,BOS,1997
AL,CHA,1997
NL,CHN,1997
NL,CIN,1997
AL,CLE,1997
NL,COL,1997
AL,DET,1997
NL,FLO,1997
NL,HOU,1997
AL,KCA,1997
NL,LAN,1997
AL,MIN,1997
AL,ML4,1997
NL,MON,1997
AL,NYA,1997
NL,NYN,1997
AL,OAK,1997
NL,PHI,1997
NL,PIT,1997
NL,SDN,1997
AL,SEA,1997
NL,SFN,1997
NL,SLN,1997
AL,TEX,1997
AL,TOR,1997
NL,ATL,1996
AL,BAL,1996
AL,BOS,1996
AL,CAL,1996
AL,CHA,1996
NL,CHN,1996
NL,CIN,1996
AL,CLE,1996
NL,COL,1996
AL,DET,1996
NL,FLO,1996
NL,HOU,1996
AL,KCA,1996
NL,LAN,1996
AL,MIN,1996
AL,ML4,1996
NL,MON,1996
AL,NYA,1996
NL,NYN,1996
AL,OAK,1996
NL,PHI,1996
NL,PIT,1996
NL,SDN,1996
AL,SEA,1996
NL,SFN,1996
NL,SLN,1996
AL,TEX,1996
AL,TOR,1996
NL,ATL,1995
AL,BAL,1995
AL,BOS,1995
AL,CAL,1995
AL,CHA,1995
NL,CHN,1995
NL,CIN,1995
AL,CLE,1995
NL,COL,1995
AL,DET,1995
NL,FLO,1995
NL,HOU,1995
AL,KCA,1995
NL,LAN,1995
AL,MIN,1995
AL,ML4,1995
NL,MON,1995
AL,NYA,1995
NL,NYN,1995
AL,OAK,1995
NL,PHI,1995
NL,PIT,1995
NL,SDN,1995
AL,SEA,1995
NL,SFN,1995
NL,SLN,1995
AL,TEX,1995
AL,TOR,1995
NL,ATL,1994
AL,BAL,1994
AL,BOS,1994
AL,CAL,1994
AL,CHA,1994
NL,CHN,1994
NL,CIN,1994
AL,CLE,1994
NL,COL,1994
AL,DET,1994
NL,FLO,1994
NL,HOU,1994
AL,KCA,1994
NL,LAN,1994
AL,MIN,1994
AL,ML4,1994
NL,MON,1994
AL,NYA,1994
NL,NYN,1994
AL,OAK,1994
NL,PHI,1994
NL,PIT,1994
NL,SDN,1994
AL,SEA,1994
NL,SFN,1994
NL,SLN,1994
AL,TEX,1994
AL,TOR,1994
NL,ATL,1993
AL,BAL,1993
AL,BOS,1993
AL,CAL,1993
AL,CHA,1993
NL,CHN,1993
NL,CIN,1993
AL,CLE,1993
NL,COL,1993
AL,DET,1993
NL,FLO,1993
NL,HOU,1993
AL,KCA,1993
NL,LAN,1993
AL,MIN,1993
AL,ML4,1993
NL,MON,1993
AL,NYA,1993
NL,NYN,1993
AL,OAK,1993
NL,PHI,1993
NL,PIT,1993
NL,SDN,1993
AL,SEA,1993
NL,SFN,1993
NL,SLN,1993
AL,TEX,1993
AL,TOR,1993
NL,ATL,1992
AL,BAL,1992
AL,BOS,1992
AL,CAL,1992
AL,CHA,1992
NL,CHN,1992
NL,CIN,1992
AL,CLE,1992
AL,DET,1992
NL,HOU,1992
AL,KCA,1992
NL,LAN,1992
AL,MIN,1992
AL,ML4,1992
NL,MON,1992
AL,NYA,1992
NL,NYN,1992
AL,OAK,1992
NL,PHI,1992
NL,PIT,1992
NL,SDN,1992
AL,SEA,1992
NL,SFN,1992
NL,SLN,1992
AL,TEX,1992
AL,TOR,1992
NL,ATL,1991
AL,BAL,1991
AL,BOS,1991
AL,CAL,1991
AL,CHA,1991
NL,CHN,1991
NL,CIN,1991
AL,CLE,1991
AL,DET,1991
NL,HOU,1991
AL,KCA,1991
NL,LAN,1991
AL,MIN,1991
AL,ML4,1991
NL,MON,1991
AL,NYA,1991
NL,NYN,1991
AL,OAK,1991
NL,PHI,1991
NL,PIT,1991
NL,SDN,1991
AL,SEA,1991
NL,SFN,1991
NL,SLN,1991
AL,TEX,1991
AL,TOR,1991
NL,ATL,1990
AL,BAL,1990
AL,BOS,1990
AL,CAL,1990
AL,CHA,1990
NL,CHN,1990
NL,CIN,1990
AL,CLE,1990
AL,DET,1990
NL,HOU,1990
AL,KCA,1990
NL,LAN,1990
AL,MIN,1990
AL,ML4,1990
NL,MON,1990
AL,NYA,1990
NL,NYN,1990
AL,OAK,1990
NL,PHI,1990
NL,PIT,1990
NL,SDN,1990
AL,SEA,1990
NL,SFN,1990
NL,SLN,1990
AL,TEX,1990
AL,TOR,1990
NL,ATL,1989
AL,BAL,1989
AL,BOS,1989
AL,CAL,1989
AL,CHA,1989
NL,CHN,1989
NL,CIN,1989
AL,CLE,1989
AL,DET,1989
NL,HOU,1989
AL,KCA,1989
NL,LAN,1989
AL,MIN,1989
AL,ML4,1989
NL,MON,1989
AL,NYA,1989
NL,NYN,1989
AL,OAK,1989
NL,PHI,1989
NL,PIT,1989
NL,SDN,1989
AL,SEA,1989
NL,SFN,1989
NL,SLN,1989
AL,TEX,1989
AL,TOR,1989
NL,ATL,1988
AL,BAL,1988
AL,BOS,1988
AL,CAL,1988
AL,CHA,1988
NL,CHN,1988
NL,CIN,1988
AL,CLE,1988
AL,DET,1988
NL,HOU,1988
AL,KCA,1988
NL,LAN,1988
AL,MIN,1988
AL,ML4,1988
NL,MON,1988
AL,NYA,1988
NL,NYN,1988
AL,OAK,1988
NL,PHI,1988
NL,PIT,1988
NL,SDN,1988
AL,SEA,1988
NL,SFN,1988
NL,SLN,1988
AL,TEX,1988
AL,TOR,1988
NL,ATL,1987
AL,BAL,1987
AL,BOS,1987
AL,CAL,1987
AL,CHA,1987
NL,CHN,1987
NL,CIN,1987
AL,CLE,1987
AL,DET,1987
NL,HOU,1987
AL,KCA,1987
NL,LAN,1987
AL,MIN,1987
AL,ML4,1987
NL,MON,1987
AL,NYA,1987
NL,NYN,1987
AL,OAK,1987
NL,PHI,1987
NL,PIT,1987
NL,SDN,1987
AL,SEA,1987
NL,SFN,1987
NL,SLN,1987
AL,TEX,1987
AL,TOR,1987
NL,ATL,1986
AL,BAL,1986
AL,BOS,1986
AL,CAL,1986
AL,CHA,1986
NL,CHN,1986
NL,CIN,1986
AL,CLE,1986
AL,DET,1986
NL,HOU,1986
AL,KCA,1986
NL,LAN,1986
AL,MIN,1986
AL,ML4,1986
NL,MON,1986
AL,NYA,1986
NL,NYN,1986
AL,OAK,1986
NL,PHI,1986
NL,PIT,1986
NL,SDN,1986
AL,SEA,1986
NL,SFN,1986
NL,SLN,1986
AL,TEX,1986
AL,TOR,1986
NL,ATL,1985
AL,BAL,1985
AL,BOS,1985
AL,CAL,1985
AL,CHA,1985
NL,CHN,1985
NL,CIN,1985
AL,CLE,1985
AL,DET,1985
NL,HOU,1985
AL,KCA,1985
NL,LAN,1985
AL,MIN,1985
AL,ML4,1985
NL,MON,1985
AL,NYA,1985
NL,NYN,1985
AL,OAK,1985
NL,PHI,1985
NL,PIT,1985
NL,SDN,1985
AL,SEA,1985
NL,SFN,1985
NL,SLN,1985
AL,TEX,1985
AL,TOR,1985
NL,ATL,1984
AL,BAL,1984
AL,BOS,1984
AL,CAL,1984
AL,CHA,1984
NL,CHN,1984
NL,CIN,1984
AL,CLE,1984
AL,DET,1984
NL,HOU,1984
AL,KCA,1984
NL,LAN,1984
AL,MIN,1984
AL,ML4,1984
NL,MON,1984
AL,NYA,1984
NL,NYN,1984
AL,OAK,1984
NL,PHI,1984
NL,PIT,1984
NL,SDN,1984
AL,SEA,1984
NL,SFN,1984
NL,SLN,1984
AL,TEX,1984
AL,TOR,1984
NL,ATL,1983
AL,BAL,1983
AL,BOS,1983
AL,CAL,1983
AL,CHA,1983
NL,CHN,1983
NL,CIN,1983
AL,CLE,1983
AL,DET,1983
NL,HOU,1983
AL,KCA,1983
NL,LAN,1983
AL,MIN,1983
AL,ML4,1983
NL,MON,1983
AL,NYA,1983
NL,NYN,1983
AL,OAK,1983
NL,PHI,1983
NL,PIT,1983
NL,SDN,1983
AL,SEA,1983
NL,SFN,1983
NL,SLN,1983
AL,TEX,1983
AL,TOR,1983
NL,ATL,1982
AL,BAL,1982
AL,BOS,1982
AL,CAL,1982
AL,CHA,1982
NL,CHN,1982
NL,CIN,1982
AL,CLE,1982
AL,DET,1982
NL,HOU,1982
AL,KCA,1982
NL,LAN,1982
AL,MIN,1982
AL,ML4,1982
NL,MON,1982
AL,NYA,1982
NL,NYN,1982
AL,OAK,1982
NL,PHI,1982
NL,PIT,1982
NL,SDN,1982
AL,SEA,1982
NL,SFN,1982
NL,SLN,1982
AL,TEX,1982
AL,TOR,1982
NL,ATL,1981
AL,BAL,1981
AL,BOS,1981
AL,CAL,1981
AL,CHA,1981
NL,CHN,1981
NL,CIN,1981
AL,CLE,1981
AL,DET,1981
NL,HOU,1981
AL,KCA,1981
NL,LAN,1981
AL,MIN,1981
AL,ML4,1981
NL,MON,1981
AL,NYA,1981
NL,NYN,1981
AL,OAK,1981
NL,PHI,1981
NL,PIT,1981
NL,SDN,1981
AL,SEA,1981
NL,SFN,1981
NL,SLN,1981
AL,TEX,1981
AL,TOR,1981
NL,ATL,1980
AL,BAL,1980
AL,BOS,1980
AL,CAL,1980
AL,CHA,1980
NL,CHN,1980
NL,CIN,1980
AL,CLE,1980
AL,DET,1980
NL,HOU,1980
AL,KCA,1980
NL,LAN,1980
AL,MIN,1980
AL,ML4,1980
NL,MON,1980
AL,NYA,1980
NL,NYN,1980
AL,OAK,1980
NL,PHI,1980
NL,PIT,1980
NL,SDN,1980
AL,SEA,1980
NL,SFN,1980
NL,SLN,1980
AL,TEX,1980
AL,TOR,1980
NL,ATL,1979
AL,BAL,1979
AL,BOS,1979
AL,CAL,1979
AL,CHA,1979
NL,CHN,1979
NL,CIN,1979
AL,CLE,1979
AL,DET,1979
NL,HOU,1979
AL,KCA,1979
NL,LAN,1979
AL,MIN,1979
AL,ML4,1979
NL,MON,1979
AL,NYA,1979
NL,NYN,1979
AL,OAK,1979
NL,PHI,1979
NL,PIT,1979
NL,SDN,1979
AL,SEA,1979
NL,SFN,1979
NL,SLN,1979
AL,TEX,1979
AL,TOR,1979
NL,ATL,1978
AL,BAL,1978
AL,BOS,1978
AL,CAL,1978
AL,CHA,1978
NL,CHN,1978
NL,CIN,1978
AL,CLE,1978
AL,DET,1978
NL,HOU,1978
AL,KCA,1978
NL,LAN,1978
AL,MIN,1978
AL,ML4,1978
NL,MON,1978
AL,NYA,1978
NL,NYN,1978
AL,OAK,1978
NL,PHI,1978
NL,PIT,1978
NL,SDN,1978
AL,SEA,1978
NL,SFN,1978
NL,SLN,1978
AL,TEX,1978
AL,TOR,1978
NL,ATL,1977
AL,BAL,1977
AL,BOS,1977
AL,CAL,1977
AL,CHA,1977
NL,CHN,1977
NL,CIN,1977
AL,CLE,1977
AL,DET,1977
NL,HOU,1977
AL,KCA,1977
NL,LAN,1977
AL,MIN,1977
AL,ML4,1977
NL,MON,1977
AL,NYA,1977
NL,NYN,1977
AL,OAK,1977
NL,PHI,1977
NL,PIT,1977
NL,SDN,1977
AL,SEA,1977
NL,SFN,1977
NL,SLN,1977
AL,TEX,1977
AL,TOR,1977
NL,ATL,1976
AL,BAL,1976
AL,BOS,1976
AL,CAL,1976
AL,CHA,1976
NL,CHN,1976
NL,CIN,1976
AL,CLE,1976
AL,DET,1976
NL,HOU,1976
AL,KCA,1976
NL,LAN,1976
AL,MIN,1976
AL,ML4,1976
NL,MON,1976
AL,NYA,1976
NL,NYN,1976
AL,OAK,1976
NL,PHI,1976
NL,PIT,1976
NL,SDN,1976
NL,SFN,1976
NL,SLN,1976
AL,TEX,1976
NL,ATL,1975
AL,BAL,1975
AL,BOS,1975
AL,CAL,1975
AL,CHA,1975
NL,CHN,1975
NL,CIN,1975
AL,CLE,1975
AL,DET,1975
NL,HOU,1975
AL,KCA,1975
NL,LAN,1975
AL,MIN,1975
AL,ML4,1975
NL,MON,1975
AL,NYA,1975
NL,NYN,1975
AL,OAK,1975
NL,PHI,1975
NL,PIT,1975
NL,SDN,1975
NL,SFN,1975
NL,SLN,1975
AL,TEX,1975
NL,ATL,1974
AL,BAL,1974
AL,BOS,1974
AL,CAL,1974
AL,CHA,1974
NL,CHN,1974
NL,CIN,1974
AL,CLE,1974
AL,DET,1974
NL,HOU,1974
AL,KCA,1974
NL,LAN,1974
AL,MIN,1974
AL,ML4,1974
NL,MON,1974
AL,NYA,1974
NL,NYN,1974
AL,OAK,1974
NL,PHI,1974
NL,PIT,1974
NL,SDN,1974
NL,SFN,1974
NL,SLN,1974
AL,TEX,1974
NL,ATL,1973
AL,BAL,1973
AL,BOS,1973
AL,CAL,1973
AL,CHA,1973
NL,CHN,1973
NL,CIN,1973
AL,CLE,1973
AL,DET,1973
NL,HOU,1973
AL,KCA,1973
NL,LAN,1973
AL,MIN,1973
AL,ML4,1973
NL,MON,1973
AL,NYA,1973
NL,NYN,1973
AL,OAK,1973
NL,PHI,1973
NL,PIT,1973
NL,SDN,1973
NL,SFN,1973
NL,SLN,1973
AL,TEX,1973
NL,ATL,1972
AL,BAL,1972
AL,BOS,1972
AL,CAL,1972
AL,CHA,1972
NL,CHN,1972
NL,CIN,1972
AL,CLE,1972
AL,DET,1972
NL,HOU,1972
AL,KCA,1972
NL,LAN,1972
AL,MIN,1972
AL,ML4,1972
NL,MON,1972
AL,NYA,1972
NL,NYN,1972
AL,OAK,1972
NL,PHI,1972
NL,PIT,1972
NL,SDN,1972
NL,SFN,1972
NL,SLN,1972
AL,TEX,1972
NL,ATL,1971
AL,BAL,1971
AL,BOS,1971
AL,CAL,1971
AL,CHA,1971
NL,CHN,1971
NL,CIN,1971
AL,CLE,1971
AL,DET,1971
NL,HOU,1971
AL,KCA,1971
NL,LAN,1971
AL,MIN,1971
AL,ML4,1971
NL,MON,1971
AL,NYA,1971
NL,NYN,1971
AL,OAK,1971
NL,PHI,1971
NL,PIT,1971
NL,SDN,1971
NL,SFN,1971
NL,SLN,1971
AL,WS2,1971
NL,ATL,1970
AL,BAL,1970
AL,BOS,1970
AL,CAL,1970
AL,CHA,1970
NL,CHN,1970
NL,CIN,1970
AL,CLE,1970
AL,DET,1970
NL,HOU,1970
AL,KCA,1970
NL,LAN,1970
AL,MIN,1970
AL,ML4,1970
NL,MON,1970
AL,NYA,1970
NL,NYN,1970
AL,OAK,1970
NL,PHI,1970
NL,PIT,1970
NL,SDN,1970
NL,SFN,1970
NL,SLN,1970
AL,WS2,1970
NL,ATL,1969
AL,BAL,1969
AL,BOS,1969
AL,CAL,1969
AL,CHA,1969
NL,CHN,1969
NL,CIN,1969
AL,CLE,1969
AL,DET,1969
NL,HOU,1969
AL,KCA,1969
NL,LAN,1969
AL,MIN,1969
NL,MON,1969
AL,NYA,1969
NL,NYN,1969
AL,OAK,1969
NL,PHI,1969
NL,PIT,1969
NL,SDN,1969
AL,SE1,1969
NL,SFN,1969
NL,SLN,1969
AL,WS2,1969
NL,ATL,1968
AL,BAL,1968
AL,BOS,1968
AL,CAL,1968
AL,CHA,1968
NL,CHN,1968
NL,CIN,1968
AL,CLE,1968
AL,DET,1968
NL,HOU,1968
NL,LAN,1968
AL,MIN,1968
AL,NYA,1968
NL,NYN,1968
AL,OAK,1968
NL,PHI,1968
NL,PIT,1968
NL,SFN,1968
NL,SLN,1968
AL,WS2,1968
NL,ATL,1967
AL,BAL,1967
AL,BOS,1967
AL,CAL,1967
AL,CHA,1967
NL,CHN,1967
NL,CIN,1967
AL,CLE,1967
AL,DET,1967
NL,HOU,1967
AL,KC1,1967
NL,LAN,1967
AL,MIN,1967
AL,NYA,1967
NL,NYN,1967
NL,PHI,1967
NL,PIT,1967
NL,SFN,1967
NL,SLN,1967
AL,WS2,1967
NL,ATL,1966
AL,BAL,1966
AL,BOS,1966
AL,CAL,1966
AL,CHA,1966
NL,CHN,1966
NL,CIN,1966
AL,CLE,1966
AL,DET,1966
NL,HOU,1966
AL,KC1,1966
NL,LAN,1966
AL,MIN,1966
AL,NYA,1966
NL,NYN,1966
NL,PHI,1966
NL,PIT,1966
NL,SFN,1966
NL,SLN,1966
AL,WS2,1966
AL,BAL,1965
AL,BOS,1965
AL,CAL,1965
AL,CHA,1965
NL,CHN,1965
NL,CIN,1965
AL,CLE,1965
AL,DET,1965
NL,HOU,1965
AL,KC1,1965
NL,LAN,1965
AL,MIN,1965
NL,ML1,1965
AL,NYA,1965
NL,NYN,1965
NL,PHI,1965
NL,PIT,1965
NL,SFN,1965
NL,SLN,1965
AL,WS2,1965
AL,BAL,1964
AL,BOS,1964
AL,CHA,1964
NL,CHN,1964
NL,CIN,1964
AL,CLE,1964
AL,DET,1964
NL,HOU,1964
AL,KC1,1964
AL,LAA,1964
NL,LAN,1964
AL,MIN,1964
NL,ML1,1964
AL,NYA,1964
NL,NYN,1964
NL,PHI,1964
NL,PIT,1964
NL,SFN,1964
NL,SLN,1964
AL,WS2,1964
AL,BAL,1963
AL,BOS,1963
AL,CHA,1963
NL,CHN,1963
NL,CIN,1963
AL,CLE,1963
AL,DET,1963
NL,HOU,1963
AL,KC1,1963
AL,LAA,1963
NL,LAN,1963
AL,MIN,1963
NL,ML1,1963
AL,NYA,1963
NL,NYN,1963
NL,PHI,1963
NL,PIT,1963
NL,SFN,1963
NL,SLN,1963
AL,WS2,1963
AL,BAL,1962
AL,BOS,1962
AL,CHA,1962
NL,CHN,1962
NL,CIN,1962
AL,CLE,1962
AL,DET,1962
NL,HOU,1962
AL,KC1,1962
AL,LAA,1962
NL,LAN,1962
AL,MIN,1962
NL,ML1,1962
AL,NYA,1962
NL,NYN,1962
NL,PHI,1962
NL,PIT,1962
NL,SFN,1962
NL,SLN,1962
AL,WS2,1962
AL,BAL,1961
AL,BOS,1961
AL,CHA,1961
NL,CHN,1961
NL,CIN,1961
AL,CLE,1961
AL,DET,1961
AL,KC1,1961
AL,LAA,1961
NL,LAN,1961
AL,MIN,1961
NL,ML1,1961
AL,NYA,1961
NL,PHI,1961
NL,PIT,1961
NL,SFN,1961
NL,SLN,1961
AL,WS2,1961
AL,BAL,1960
AL,BOS,1960
AL,CHA,1960
NL,CHN,1960
NL,CIN,1960
AL,CLE,1960
AL,DET,1960
AL,KC1,1960
NL,LAN,1960
NL,ML1,1960
AL,NYA,1960
NL,PHI,1960
NL,PIT,1960
NL,SFN,1960
NL,SLN,1960
AL,WS1,1960
AL,BAL,1959
AL,BOS,1959
AL,CHA,1959
NL,CHN,1959
NL,CIN,1959
AL,CLE,1959
AL,DET,1959
AL,KC1,1959
NL,LAN,1959
NL,ML1,1959
AL,NYA,1959
NL,PHI,1959
NL,PIT,1959
NL,SFN,1959
NL,SLN,1959
AL,WS1,1959
AL,BAL,1958
AL,BOS,1958
AL,CHA,1958
NL,CHN,1958
NL,CIN,1958
AL,CLE,1958
AL,DET,1958
AL,KC1,1958
NL,LAN,1958
NL,ML1,1958
AL,NYA,1958
NL,PHI,1958
NL,PIT,1958
NL,SFN,1958
NL,SLN,1958
AL,WS1,1958
AL,BAL,1957
AL,BOS,1957
NL,BRO,1957
AL,CHA,1957
NL,CHN,1957
NL,CIN,1957
AL,CLE,1957
AL,DET,1957
AL,KC1,1957
NL,ML1,1957
NL,NY1,1957
AL,NYA,1957
NL,PHI,1957
NL,PIT,1957
NL,SLN,1957
AL,WS1,1957
AL,BAL,1956
AL,BOS,1956
NL,BRO,1956
AL,CHA,1956
NL,CHN,1956
NL,CIN,1956
AL,CLE,1956
AL,DET,1956
AL,KC1,1956
NL,ML1,1956
NL,NY1,1956
AL,NYA,1956
NL,PHI,1956
NL,PIT,1956
NL,SLN,1956
AL,WS1,1956
AL,BAL,1955
AL,BOS,1955
NL,BRO,1955
AL,CHA,1955
NL,CHN,1955
NL,CIN,1955
AL,CLE,1955
AL,DET,1955
AL,KC1,1955
NL,ML1,1955
NL,NY1,1955
AL,NYA,1955
NL,PHI,1955
NL,PIT,1955
NL,SLN,1955
AL,WS1,1955
AL,BAL,1954
AL,BOS,1954
NL,BRO,1954
AL,CHA,1954
NL,CHN,1954
NL,CIN,1954
AL,CLE,1954
AL,DET,1954
NL,ML1,1954
NL,NY1,1954
AL,NYA,1954
AL,PHA,1954
NL,PHI,1954
NL,PIT,1954
NL,SLN,1954
AL,WS1,1954
AL,BOS,1953
NL,BRO,1953
AL,CHA,1953
NL,CHN,1953
NL,CIN,1953
AL,CLE,1953
AL,DET,1953
NL,ML1,1953
NL,NY1,1953
AL,NYA,1953
AL,PHA,1953
NL,PHI,1953
NL,PIT,1953
AL,SLA,1953
NL,SLN,1953
AL,WS1,1953
AL,BOS,1952
NL,BRO,1952
NL,BSN,1952
AL,CHA,1952
NL,CHN,1952
NL,CIN,1952
AL,CLE,1952
AL,DET,1952
NL,NY1,1952
AL,NYA,1952
AL,PHA,1952
NL,PHI,1952
NL,PIT,1952
AL,SLA,1952
NL,SLN,1952
AL,WS1,1952
AL,BOS,1951
NL,BRO,1951
NL,BSN,1951
AL,CHA,1951
NL,CHN,1951
NL,CIN,1951
AL,CLE,1951
AL,DET,1951
NL,NY1,1951
AL,NYA,1951
AL,PHA,1951
NL,PHI,1951
NL,PIT,1951
AL,SLA,1951
NL,SLN,1951
AL,WS1,1951
AL,BOS,1950
NL,BRO,1950
NL,BSN,1950
AL,CHA,1950
NL,CHN,1950
NL,CIN,1950
AL,CLE,1950
AL,DET,1950
NL,NY1,1950
AL,NYA,1950
AL,PHA,1950
NL,PHI,1950
NL,PIT,1950
AL,SLA,1950
NL,SLN,1950
AL,WS1,1950
AL,BOS,1949
NL,BRO,1949
NL,BSN,1949
AL,CHA,1949
NL,CHN,1949
NL,CIN,1949
AL,CLE,1949
AL,DET,1949
NL,NY1,1949
AL,NYA,1949
AL,PHA,1949
NL,PHI,1949
NL,PIT,1949
AL,SLA,1949
NL,SLN,1949
AL,WS1,1949
AL,BOS,1948
NL,BRO,1948
NL,BSN,1948
AL,CHA,1948
NL,CHN,1948
NL,CIN,1948
AL,CLE,1948
AL,DET,1948
NL,NY1,1948
AL,NYA,1948
AL,PHA,1948
NL,PHI,1948
NL,PIT,1948
AL,SLA,1948
NL,SLN,1948
AL,WS1,1948
AL,BOS,1947
NL,BRO,1947
NL,BSN,1947
AL,CHA,1947
NL,CHN,1947
NL,CIN,1947
AL,CLE,1947
AL,DET,1947
NL,NY1,1947
AL,NYA,1947
AL,PHA,1947
NL,PHI,1947
NL,PIT,1947
AL,SLA,1947
NL,SLN,1947
AL,WS1,1947
AL,BOS,1946
NL,BRO,1946
NL,BSN,1946
AL,CHA,1946
NL,CHN,1946
NL,CIN,1946
AL,CLE,1946
AL,DET,1946
NL,NY1,1946
AL,NYA,1946
AL,PHA,1946
NL,PHI,1946
NL,PIT,1946
AL,SLA,1946
NL,SLN,1946
AL,WS1,1946
AL,BOS,1945
NL,BRO,1945
NL,BSN,1945
AL,CHA,1945
NL,CHN,1945
NL,CIN,1945
AL,CLE,1945
AL,DET,1945
NL,NY1,1945
AL,NYA,1945
AL,PHA,1945
NL,PHI,1945
NL,PIT,1945
AL,SLA,1945
NL,SLN,1945
AL,WS1,1945
AL,BOS,1944
NL,BRO,1944
NL,BSN,1944
AL,CHA,1944
NL,CHN,1944
NL,CIN,1944
AL,CLE,1944
AL,DET,1944
NL,NY1,1944
AL,NYA,1944
AL,PHA,1944
NL,PHI,1944
NL,PIT,1944
AL,SLA,1944
NL,SLN,1944
AL,WS1,1944
AL,BOS,1943
NL,BRO,1943
NL,BSN,1943
AL,CHA,1943
NL,CHN,1943
NL,CIN,1943
AL,CLE,1943
AL,DET,1943
NL,NY1,1943
AL,NYA,1943
AL,PHA,1943
NL,PHI,1943
NL,PIT,1943
AL,SLA,1943
NL,SLN,1943
AL,WS1,1943
AL,BOS,1942
NL,BRO,1942
NL,BSN,1942
AL,CHA,1942
NL,CHN,1942
NL,CIN,1942
AL,CLE,1942
AL,DET,1942
NL,NY1,1942
AL,NYA,1942
AL,PHA,1942
NL,PHI,1942
NL,PIT,1942
AL,SLA,1942
NL,SLN,1942
AL,WS1,1942
AL,BOS,1941
NL,BRO,1941
NL,BSN,1941
AL,CHA,1941
NL,CHN,1941
NL,CIN,1941
AL,CLE,1941
AL,DET,1941
NL,NY1,1941
AL,NYA,1941
AL,PHA,1941
NL,PHI,1941
NL,PIT,1941
AL,SLA,1941
NL,SLN,1941
AL,WS1,1941
AL,BOS,1940
NL,BRO,1940
NL,BSN,1940
AL,CHA,1940
NL,CHN,1940
NL,CIN,1940
AL,CLE,1940
AL,DET,1940
NL,NY1,1940
AL,NYA,1940
AL,PHA,1940
NL,PHI,1940
NL,PIT,1940
AL,SLA,1940
NL,SLN,1940
AL,WS1,1940
AL,BOS,1939
NL,BRO,1939
NL,BSN,1939
AL,CHA,1939
NL,CHN,1939
NL,CIN,1939
AL,CLE,1939
AL,DET,1939
NL,NY1,1939
AL,NYA,1939
AL,PHA,1939
NL,PHI,1939
NL,PIT,1939
AL,SLA,1939
NL,SLN,1939
AL,WS1,1939
AL,BOS,1938
NL,BRO,1938
NL,BSN,1938
AL,CHA,1938
NL,CHN,1938
NL,CIN,1938
AL,CLE,1938
AL,DET,1938
NL,NY1,1938
AL,NYA,1938
AL,PHA,1938
NL,PHI,1938
NL,PIT,1938
AL,SLA,1938
NL,SLN,1938
AL,WS1,1938
AL,BOS,1937
NL,BRO,1937
NL,BSN,1937
AL,CHA,1937
NL,CHN,1937
NL,CIN,1937
AL,CLE,1937
AL,DET,1937
NL,NY1,1937
AL,NYA,1937
AL,PHA,1937
NL,PHI,1937
NL,PIT,1937
AL,SLA,1937
NL,SLN,1937
AL,WS1,1937
AL,BOS,1936
NL,BRO,1936
NL,BSN,1936
AL,CHA,1936
NL,CHN,1936
NL,CIN,1936
AL,CLE,1936
AL,DET,1936
NL,NY1,1936
AL,NYA,1936
AL,PHA,1936
NL,PHI,1936
NL,PIT,1936
AL,SLA,1936
NL,SLN,1936
AL,WS1,1936
AL,BOS,1935
NL,BRO,1935
NL,BSN,1935
AL,CHA,1935
NL,CHN,1935
NL,CIN,1935
AL,CLE,1935
AL,DET,1935
NL,NY1,1935
AL,NYA,1935
AL,PHA,1935
NL,PHI,1935
NL,PIT,1935
AL,SLA,1935
NL,SLN,1935
AL,WS1,1935
AL,BOS,1934
NL,BRO,1934
NL,BSN,1934
AL,CHA,1934
NL,CHN,1934
NL,CIN,1934
AL,CLE,1934
AL,DET,1934
NL,NY1,1934
AL,NYA,1934
AL,PHA,1934
NL,PHI,1934
NL,PIT,1934
AL,SLA,1934
NL,SLN,1934
AL,WS1,1934
AL,BOS,1933
NL,BRO,1933
NL,BSN,1933
AL,CHA,1933
NL,CHN,1933
NL,CIN,1933
AL,CLE,1933
AL,DET,1933
NL,NY1,1933
AL,NYA,1933
AL,PHA,1933
NL,PHI,1933
NL,PIT,1933
AL,SLA,1933
NL,SLN,1933
AL,WS1,1933
AL,BOS,1932
NL,BRO,1932
NL,BSN,1932
AL,CHA,1932
NL,CHN,1932
NL,CIN,1932
AL,CLE,1932
AL,DET,1932
NL,NY1,1932
AL,NYA,1932
AL,PHA,1932
NL,PHI,1932
NL,PIT,1932
AL,SLA,1932
NL,SLN,1932
AL,WS1,1932
AL,BOS,1931
NL,BRO,1931
NL,BSN,1931
AL,CHA,1931
NL,CHN,1931
NL,CIN,1931
AL,CLE,1931
AL,DET,1931
NL,NY1,1931
AL,NYA,1931
AL,PHA,1931
NL,PHI,1931
NL,PIT,1931
AL,SLA,1931
NL,SLN,1931
AL,WS1,1931
AL,BOS,1930
NL,BRO,1930
NL,BSN,1930
AL,CHA,1930
NL,CHN,1930
NL,CIN,1930
AL,CLE,1930
AL,DET,1930
NL,NY1,1930
AL,NYA,1930
AL,PHA,1930
NL,PHI,1930
NL,PIT,1930
AL,SLA,1930
NL,SLN,1930
AL,WS1,1930
AL,BOS,1929
NL,BRO,1929
NL,BSN,1929
AL,CHA,1929
NL,CHN,1929
NL,CIN,1929
AL,CLE,1929
AL,DET,1929
NL,NY1,1929
AL,NYA,1929
AL,PHA,1929
NL,PHI,1929
NL,PIT,1929
AL,SLA,1929
NL,SLN,1929
AL,WS1,1929
AL,BOS,1928
NL,BRO,1928
NL,BSN,1928
AL,CHA,1928
NL,CHN,1928
NL,CIN,1928
AL,CLE,1928
AL,DET,1928
NL,NY1,1928
AL,NYA,1928
AL,PHA,1928
NL,PHI,1928
NL,PIT,1928
AL,SLA,1928
NL,SLN,1928
AL,WS1,1928
AL,BOS,1927
NL,BRO,1927
NL,BSN,1927
AL,CHA,1927
NL,CHN,1927
NL,CIN,1927
AL,CLE,1927
AL,DET,1927
NL,NY1,1927
AL,NYA,1927
AL,PHA,1927
NL,PHI,1927
NL,PIT,1927
AL,SLA,1927
NL,SLN,1927
AL,WS1,1927
AL,BOS,1926
NL,BRO,1926
NL,BSN,1926
AL,CHA,1926
NL,CHN,1926
NL,CIN,1926
AL,CLE,1926
AL,DET,1926
NL,NY1,1926
AL,NYA,1926
AL,PHA,1926
NL,PHI,1926
NL,PIT,1926
AL,SLA,1926
NL,SLN,1926
AL,WS1,1926
AL,BOS,1925
NL,BRO,1925
NL,BSN,1925
AL,CHA,1925
NL,CHN,1925
NL,CIN,1925
AL,CLE,1925
AL,DET,1925
NL,NY1,1925
AL,NYA,1925
AL,PHA,1925
NL,PHI,1925
NL,PIT,1925
AL,SLA,1925
NL,SLN,1925
AL,WS1,1925
AL,BOS,1924
NL,BRO,1924
NL,BSN,1924
AL,CHA,1924
NL,CHN,1924
NL,CIN,1924
AL,CLE,1924
AL,DET,1924
NL,NY1,1924
AL,NYA,1924
AL,PHA,1924
NL,PHI,1924
NL,PIT,1924
AL,SLA,1924
NL,SLN,1924
AL,WS1,1924
AL,BOS,1923
NL,BRO,1923
NL,BSN,1923
AL,CHA,1923
NL,CHN,1923
NL,CIN,1923
AL,CLE,1923
AL,DET,1923
NL,NY1,1923
AL,NYA,1923
AL,PHA,1923
NL,PHI,1923
NL,PIT,1923
AL,SLA,1923
NL,SLN,1923
AL,WS1,1923
AL,BOS,1922
NL,BRO,1922
NL,BSN,1922
AL,CHA,1922
NL,CHN,1922
NL,CIN,1922
AL,CLE,1922
AL,DET,1922
NL,NY1,1922
AL,NYA,1922
AL,PHA,1922
NL,PHI,1922
NL,PIT,1922
AL,SLA,1922
NL,SLN,1922
AL,WS1,1922
AL,BOS,1921
NL,BRO,1921
NL,BSN,1921
AL,CHA,1921
NL,CHN,1921
NL,CIN,1921
AL,CLE,1921
AL,DET,1921
NL,NY1,1921
AL,NYA,1921
AL,PHA,1921
NL,PHI,1921
NL,PIT,1921
AL,SLA,1921
NL,SLN,1921
AL,WS1,1921
AL,BOS,1920
NL,BRO,1920
NL,BSN,1920
AL,CHA,1920
NL,CHN,1920
NL,CIN,1920
AL,CLE,1920
AL,DET,1920
NL,NY1,1920
AL,NYA,1920
AL,PHA,1920
NL,PHI,1920
NL,PIT,1920
AL,SLA,1920
NL,SLN,1920
AL,WS1,1920
AL,BOS,1919
NL,BRO,1919
NL,BSN,1919
AL,CHA,1919
NL,CHN,1919
NL,CIN,1919
AL,CLE,1919
AL,DET,1919
NL,NY1,1919
AL,NYA,1919
AL,PHA,1919
NL,PHI,1919
NL,PIT,1919
AL,SLA,1919
NL,SLN,1919
AL,WS1,1919
AL,BOS,1918
NL,BRO,1918
NL,BSN,1918
AL,CHA,1918
NL,CHN,1918
NL,CIN,1918
AL,CLE,1918
AL,DET,1918
NL,NY1,1918
AL,NYA,1918
AL,PHA,1918
NL,PHI,1918
NL,PIT,1918
AL,SLA,1918
NL,SLN,1918
AL,WS1,1918
AL,BOS,1917
NL,BRO,1917
NL,BSN,1917
AL,CHA,1917
NL,CHN,1917
NL,CIN,1917
AL,CLE,1917
AL,DET,1917
NL,NY1,1917
AL,NYA,1917
AL,PHA,1917
NL,PHI,1917
NL,PIT,1917
AL,SLA,1917
NL,SLN,1917
AL,WS1,1917
AL,BOS,1916
NL,BRO,1916
NL,BSN,1916
AL,CHA,1916
NL,CHN,1916
NL,CIN,1916
AL,CLE,1916
AL,DET,1916
NL,NY1,1916
AL,NYA,1916
AL,PHA,1916
NL,PHI,1916
NL,PIT,1916
AL,SLA,1916
NL,SLN,1916
AL,WS1,1916
FL,BLF,1915
AL,BOS,1915
FL,BRF,1915
NL,BRO,1915
NL,BSN,1915
FL,BUF,1915
AL,CHA,1915
FL,CHF,1915
NL,CHN,1915
NL,CIN,1915
AL,CLE,1915
AL,DET,1915
FL,KCF,1915
FL,NEW,1915
NL,NY1,1915
AL,NYA,1915
AL,PHA,1915
NL,PHI,1915
NL,PIT,1915
FL,PTF,1915
AL,SLA,1915
FL,SLF,1915
NL,SLN,1915
AL,WS1,1915
FL,BLF,1914
AL,BOS,1914
FL,BRF,1914
NL,BRO,1914
NL,BSN,1914
FL,BUF,1914
AL,CHA,1914
FL,CHF,1914
NL,CHN,1914
NL,CIN,1914
AL,CLE,1914
AL,DET,1914
FL,IND,1914
FL,KCF,1914
NL,NY1,1914
AL,NYA,1914
AL,PHA,1914
NL,PHI,1914
NL,PIT,1914
FL,PTF,1914
AL,SLA,1914
FL,SLF,1914
NL,SLN,1914
AL,WS1,1914
AL,BOS,1913
NL,BRO,1913
NL,BSN,1913
AL,CHA,1913
NL,CHN,1913
NL,CIN,1913
AL,CLE,1913
AL,DET,1913
NL,NY1,1913
AL,NYA,1913
AL,PHA,1913
NL,PHI,1913
NL,PIT,1913
AL,SLA,1913
NL,SLN,1913
AL,WS1,1913
AL,BOS,1912
NL,BRO,1912
NL,BSN,1912
AL,CHA,1912
NL,CHN,1912
NL,CIN,1912
AL,CLE,1912
AL,DET,1912
NL,NY1,1912
AL,NYA,1912
AL,PHA,1912
NL,PHI,1912
NL,PIT,1912
AL,SLA,1912
NL,SLN,1912
AL,WS1,1912
AL,BOS,1911
NL,BRO,1911
NL,BSN,1911
AL,CHA,1911
NL,CHN,1911
NL,CIN,1911
AL,CLE,1911
AL,DET,1911
NL,NY1,1911
AL,NYA,1911
AL,PHA,1911
NL,PHI,1911
NL,PIT,1911
AL,SLA,1911
NL,SLN,1911
AL,WS1,1911
AL,BOS,1910
NL,BRO,1910
NL,BSN,1910
AL,CHA,1910
NL,CHN,1910
NL,CIN,1910
AL,CLE,1910
AL,DET,1910
NL,NY1,1910
AL,NYA,1910
AL,PHA,1910
NL,PHI,1910
NL,PIT,1910
AL,SLA,1910
NL,SLN,1910
AL,WS1,1910
AL,BOS,1909
NL,BRO,1909
NL,BSN,1909
AL,CHA,1909
NL,CHN,1909
NL,CIN,1909
AL,CLE,1909
AL,DET,1909
NL,NY1,1909
AL,NYA,1909
AL,PHA,1909
NL,PHI,1909
NL,PIT,1909
AL,SLA,1909
NL,SLN,1909
AL,WS1,1909
AL,BOS,1908
NL,BRO,1908
NL,BSN,1908
AL,CHA,1908
NL,CHN,1908
NL,CIN,1908
AL,CLE,1908
AL,DET,1908
NL,NY1,1908
AL,NYA,1908
AL,PHA,1908
NL,PHI,1908
NL,PIT,1908
AL,SLA,1908
NL,SLN,1908
AL,WS1,1908
AL,BOS,1907
NL,BRO,1907
NL,BSN,1907
AL,CHA,1907
NL,CHN,1907
NL,CIN,1907
AL,CLE,1907
AL,DET,1907
NL,NY1,1907
AL,NYA,1907
AL,PHA,1907
NL,PHI,1907
NL,PIT,1907
AL,SLA,1907
NL,SLN,1907
AL,WS1,1907
AL,BOS,1906
NL,BRO,1906
NL,BSN,1906
AL,CHA,1906
NL,CHN,1906
NL,CIN,1906
AL,CLE,1906
AL,DET,1906
NL,NY1,1906
AL,NYA,1906
AL,PHA,1906
NL,PHI,1906
NL,PIT,1906
AL,SLA,1906
NL,SLN,1906
AL,WS1,1906
AL,BOS,1905
NL,BRO,1905
NL,BSN,1905
AL,CHA,1905
NL,CHN,1905
NL,CIN,1905
AL,CLE,1905
AL,DET,1905
NL,NY1,1905
AL,NYA,1905
AL,PHA,1905
NL,PHI,1905
NL,PIT,1905
AL,SLA,1905
NL,SLN,1905
AL,WS1,1905
AL,BOS,1904
NL,BRO,1904
NL,BSN,1904
AL,CHA,1904
NL,CHN,1904
NL,CIN,1904
AL,CLE,1904
AL,DET,1904
NL,NY1,1904
AL,NYA,1904
AL,PHA,1904
NL,PHI,1904
NL,PIT,1904
AL,SLA,1904
NL,SLN,1904
AL,WS1,1904
AL,BOS,1903
NL,BRO,1903
NL,BSN,1903
AL,CHA,1903
NL,CHN,1903
NL,CIN,1903
AL,CLE,1903
AL,DET,1903
NL,NY1,1903
AL,NYA,1903
AL,PHA,1903
NL,PHI,1903
NL,PIT,1903
AL,SLA,1903
NL,SLN,1903
AL,WS1,1903
AL,BLA,1902
AL,BOS,1902
NL,BRO,1902
NL,BSN,1902
AL,CHA,1902
NL,CHN,1902
NL,CIN,1902
AL,CLE,1902
AL,DET,1902
NL,NY1,1902
AL,PHA,1902
NL,PHI,1902
NL,PIT,1902
AL,SLA,1902
NL,SLN,1902
AL,WS1,1902
AL,BLA,1901
AL,BOS,1901
NL,BRO,1901
NL,BSN,1901
AL,CHA,1901
NL,CHN,1901
NL,CIN,1901
AL,CLE,1901
AL,DET,1901
AL,MLA,1901
NL,NY1,1901
AL,PHA,1901
NL,PHI,1901
NL,PIT,1901
NL,SLN,1901
AL,WS1,1901
NL,BRO,1900
NL,BSN,1900
NL,CHN,1900
NL,CIN,1900
NL,NY1,1900
NL,PHI,1900
NL,PIT,1900
NL,SLN,1900
NL,BLN,1899
NL,BRO,1899
NL,BSN,1899
NL,CHN,1899
NL,CIN,1899
NL,CL4,1899
NL,LS3,1899
NL,NY1,1899
NL,PHI,1899
NL,PIT,1899
NL,SLN,1899
NL,WSN,1899
NL,BLN,1898
NL,BRO,1898
NL,BSN,1898
NL,CHN,1898
NL,CIN,1898
NL,CL4,1898
NL,LS3,1898
NL,NY1,1898
NL,PHI,1898
NL,PIT,1898
NL,SLN,1898
NL,WSN,1898
NL,BLN,1897
NL,BRO,1897
NL,BSN,1897
NL,CHN,1897
NL,CIN,1897
NL,CL4,1897
NL,LS3,1897
NL,NY1,1897
NL,PHI,1897
NL,PIT,1897
NL,SLN,1897
NL,WSN,1897
NL,BLN,1896
NL,BRO,1896
NL,BSN,1896
NL,CHN,1896
NL,CIN,1896
NL,CL4,1896
NL,LS3,1896
NL,NY1,1896
NL,PHI,1896
NL,PIT,1896
NL,SLN,1896
NL,WSN,1896
NL,BLN,1895
NL,BRO,1895
NL,BSN,1895
NL,CHN,1895
NL,CIN,1895
NL,CL4,1895
NL,LS3,1895
NL,NY1,1895
NL,PHI,1895
NL,PIT,1895
NL,SLN,1895
NL,WSN,1895
NL,BLN,1894
NL,BRO,1894
NL,BSN,1894
NL,CHN,1894
NL,CIN,1894
NL,CL4,1894
NL,LS3,1894
NL,NY1,1894
NL,PHI,1894
NL,PIT,1894
NL,SLN,1894
NL,WSN,1894
NL,BLN,1893
NL,BRO,1893
NL,BSN,1893
NL,CHN,1893
NL,CIN,1893
NL,CL4,1893
NL,LS3,1893
NL,NY1,1893
NL,PHI,1893
NL,PIT,1893
NL,SLN,1893
NL,WSN,1893
NL,BLN,1892
NL,BRO,1892
NL,BSN,1892
NL,CHN,1892
NL,CIN,1892
NL,CL4,1892
NL,LS3,1892
NL,NY1,1892
NL,PHI,1892
NL,PIT,1892
NL,SLN,1892
NL,WSN,1892
AA,BL3,1891
NL,BRO,1891
AA,BS2,1891
NL,BSN,1891
NL,CHN,1891
NL,CIN,1891
NL,CL4,1891
AA,CL6,1891
AA,CN3,1891
AA,LS2,1891
AA,ML3,1891
NL,NY1,1891
NL,PHI,1891
AA,PHQ,1891
NL,PIT,1891
AA,SL4,1891
AA,WS9,1891
PL,BFP,1890
AA,BL3,1890
AA,BR4,1890
NL,BRO,1890
PL,BRP,1890
NL,BSN,1890
PL,BSP,1890
NL,CHN,1890
PL,CHP,1890
NL,CIN,1890
NL,CL4,1890
AA,CL6,1890
PL,CLP,1890
AA,LS2,1890
NL,NY1,1890
PL,NYP,1890
AA,PH4,1890
NL,PHI,1890
PL,PHP,1890
NL,PIT,1890
PL,PTP,1890
AA,RC2,1890
AA,SL4,1890
AA,SR2,1890
AA,TL2,1890
AA,BL2,1889
AA,BR3,1889
NL,BSN,1889
NL,CHN,1889
NL,CL4,1889
AA,CL6,1889
AA,CN2,1889
NL,IN3,1889
AA,KC2,1889
AA,LS2,1889
NL,NY1,1889
AA,PH4,1889
NL,PHI,1889
NL,PIT,1889
AA,SL4,1889
NL,WS8,1889
AA,BL2,1888
AA,BR3,1888
NL,BSN,1888
NL,CHN,1888
AA,CL3,1888
AA,CN2,1888
NL,DTN,1888
NL,IN3,1888
AA,KC2,1888
AA,LS2,1888
NL,NY1,1888
AA,PH4,1888
NL,PHI,1888
NL,PIT,1888
AA,SL4,1888
NL,WS8,1888
AA,BL2,1887
AA,BR3,1887
NL,BSN,1887
NL,CHN,1887
AA,CL3,1887
AA,CN2,1887
NL,DTN,1887
NL,IN3,1887
AA,LS2,1887
NL,NY1,1887
AA,NY4,1887
AA,PH4,1887
NL,PHI,1887
NL,PIT,1887
AA,SL4,1887
NL,WS8,1887
AA,BL2,1886
AA,BR3,1886
NL,BSN,1886
NL,CHN,1886
AA,CN2,1886
NL,DTN,1886
NL,KCN,1886
AA,LS2,1886
NL,NY1,1886
AA,NY4,1886
AA,PH4,1886
NL,PHI,1886
AA,PT1,1886
AA,SL4,1886
NL,SL5,1886
NL,WS8,1886
NL,BFN,1885
AA,BL2,1885
AA,BR3,1885
NL,BSN,1885
NL,CHN,1885
AA,CN2,1885
NL,DTN,1885
AA,LS2,1885
NL,NY1,1885
AA,NY4,1885
AA,PH4,1885
NL,PHI,1885
NL,PRO,1885
AA,PT1,1885
AA,SL4,1885
NL,SL5,1885
UA,ALT,1884
NL,BFN,1884
AA,BL2,1884
UA,BLU,1884
AA,BR3,1884
NL,BSN,1884
UA,BSU,1884
NL,CHN,1884
UA,CHU,1884
NL,CL2,1884
AA,CL5,1884
AA,CN2,1884
UA,CNU,1884
NL,DTN,1884
AA,IN2,1884
UA,KCU,1884
AA,LS2,1884
UA,MLU,1884
NL,NY1,1884
AA,NY4,1884
AA,PH4,1884
NL,PHI,1884
UA,PHU,1884
NL,PRO,1884
AA,PT1,1884
AA,RIC,1884
AA,SL4,1884
UA,SLU,1884
UA,SPU,1884
AA,TL1,1884
UA,WIL,1884
AA,WS7,1884
UA,WSU,1884
NL,BFN,1883
AA,BL2,1883
NL,BSN,1883
NL,CHN,1883
NL,CL2,1883
AA,CL5,1883
AA,CN2,1883
NL,DTN,1883
AA,LS2,1883
NL,NY1,1883
AA,NY4,1883
AA,PH4,1883
NL,PHI,1883
NL,PRO,1883
AA,PT1,1883
AA,SL4,1883
NL,BFN,1882
AA,BL5,1882
NL,BSN,1882
NL,CHN,1882
NL,CL2,1882
AA,CN2,1882
NL,DTN,1882
AA,LS2,1882
AA,PH4,1882
NL,PRO,1882
AA,PT1,1882
AA,SL4,1882
NL,TRN,1882
NL,WOR,1882
NL,BFN,1881
NL,BSN,1881
NL,CHN,1881
NL,CL2,1881
NL,DTN,1881
NL,PRO,1881
NL,TRN,1881
NL,WOR,1881
NL,BFN,1880
NL,BSN,1880
NL,CHN,1880
NL,CL2,1880
NL,CN4,1880
NL,PRO,1880
NL,TRN,1880
NL,WOR,1880
NL,BFN,1879
NL,BSN,1879
NL,CHN,1879
NL,CL2,1879
NL,CN1,1879
NL,PRO,1879
NL,SR1,1879
NL,TRN,1879
NL,BSN,1878
NL,CHN,1878
NL,CN1,1878
NL,IN1,1878
NL,ML2,1878
NL,PRO,1878
NL,BSN,1877
NL,CHN,1877
NL,CN1,1877
NL,HAR,1877
NL,LS1,1877
NL,SL3,1877
NL,BSN,1876
NL,CHN,1876
NL,CN1,1876
NL,HAR,1876
NL,LS1,1876
NL,NY3,1876
NL,PHN,1876
NL,SL3,1876
NA,BR2,1875
NA,BS1,1875
NA,CH2,1875
NA,HR1,1875
NA,KEO,1875
NA,NH1,1875
NA,NY2,1875
NA,PH1,1875
NA,PH2,1875
NA,PH3,1875
NA,SL1,1875
NA,SL2,1875
NA,WS6,1875
NA,BL1,1874
NA,BR2,1874
NA,BS1,1874
NA,CH2,1874
NA,HR1,1874
NA,NY2,1874
NA,PH1,1874
NA,PH2,1874
NA,BL1,1873
NA,BL4,1873
NA,BR2,1873
NA,BS1,1873
NA,ELI,1873
NA,NY2,1873
NA,PH1,1873
NA,PH2,1873
NA,WS5,1873
NA,BL1,1872
NA,BR1,1872
NA,BR2,1872
NA,BS1,1872
NA,CL1,1872
NA,MID,1872
NA,NY2,1872
NA,PH1,1872
NA,TRO,1872
NA,WS3,1872
NA,WS4,1872
NA,BS1,1871
NA,CH1,1871
NA,CL1,1871
NA,FW1,1871
NA,NY2,1871
NA,PH1,1871
NA,RC1,1871
NA,TRO,1871
NA,WS3,1871
